                  epoch,         train/box_loss,         train/cls_loss,         train/dfl_loss,   metrics/precision(B),      metrics/recall(B),       metrics/mAP50(B),    metrics/mAP50-95(B),           val/box_loss,           val/cls_loss,           val/dfl_loss,                 lr/pg0,                 lr/pg1,                 lr/pg2
                      1,                 2.0893,                 4.8072,                 2.2251,                0.00148,                0.52222,                0.06965,                0.04609,                 1.5195,                 5.0337,                 1.9676,                0.00016,                0.00016,                0.00016
                      2,                 1.4654,                 4.2393,                 1.7458,                0.00375,                0.92857,                0.15279,                0.09917,                 1.2443,                  4.464,                 1.4373,             0.00016665,             0.00016665,             0.00016665
